<?xml version="1.0" encoding="UTF-8"?>
<beans xmlns="http://xfire.codehaus.org/config/1.0">

	<service>
		<name>Login</name>
		<serviceClass>com.jypmis.func.login.ILogin</serviceClass>
		<implementationClass>
			com.jypmis.func.login.LoginImpl
		</implementationClass>
		<style>wrapped</style>
		<use>literal</use>
		<scope>application</scope>
	</service>
	<service>
		<name>Report</name>
		<serviceClass>com.jypmis.func.report.IReport</serviceClass>
		<implementationClass>
			com.jypmis.func.report.ReportImpl
		</implementationClass>
		<style>wrapped</style>
		<use>literal</use>
		<scope>application</scope>
	</service>
	<service>
		<name>Department</name>
		<serviceClass>
			com.jypmis.func.department.IDepartment
		</serviceClass>
		<implementationClass>
			com.jypmis.func.department.DepartmentImpl
		</implementationClass>
		<style>wrapped</style>
		<use>literal</use>
		<scope>application</scope>
	</service>
	<service>
		<name>Project</name>
		<serviceClass>com.jypmis.func.project.IProject</serviceClass>
		<implementationClass>
			com.jypmis.func.project.ProjectImpl
		</implementationClass>
		<style>wrapped</style>
		<use>literal</use>
		<scope>application</scope>
	</service></beans>